iter	Logloss
0	0.6491357497
100	0.1084818959
200	0.09635300375
300	0.08803690672
400	0.0788127246
499	0.06900440437
